id,label,raw_logit,prob,calibrated_logit,calibrated_prob
TRAIN_0001,1,3.91210935,0.98038243,5.588728,0.9962741
TRAIN_0002,1,3.7636719,0.977234535,5.376674,0.9953981
TRAIN_0003,1,3.87597655,0.979682265,5.5371094,0.9960776
TRAIN_0004,1,3.51953125,0.96958197,5.0279016,0.9934901
TRAIN_0005,0,-3.890625,0.0200674679999999,-5.558036,0.0038415294
TRAIN_0006,1,3.43359375,0.96864707,4.905134,0.992646
TRAIN_0007,1,3.6191406,0.97383775,5.170201,0.9943487
TRAIN_0008,1,3.78710935,0.97777145,5.4101562,0.99554896
TRAIN_0009,1,3.8701172,0.979553235,5.528739,0.99604475
TRAIN_0010,0,-4.24414065,0.0141509195,-6.0630584,0.0023218687
TRAIN_0011,1,3.75585935,0.97709193,5.3655133,0.9953467
TRAIN_0012,0,-3.9296875,0.0209067324999999,-5.613839,0.003633788
TRAIN_0013,1,3.92285155,0.98047562,5.6040735,0.9963307
TRAIN_0014,1,3.8144531,0.97794987,5.4492188,0.9957188
TRAIN_0015,1,3.875,0.979456785,5.535714,0.99607205
TRAIN_0016,1,3.609375,0.973643925,5.15625,0.9942697
TRAIN_0017,0,-3.6201172,0.0260951619999999,-5.171596,0.005643473
TRAIN_0018,1,3.94628905,0.98086542,5.637556,0.996451
TRAIN_0019,1,3.6328125,0.97420385,5.189732,0.99445736
TRAIN_0020,0,-4.0185547,0.018294691,-5.7407923,0.0032019368
TRAIN_0021,1,3.8486328,0.97889935,5.498047,0.99592197
TRAIN_0022,0,-3.77246095,0.02391255,-5.38923,0.0045447396
TRAIN_0023,0,-4.0751953,0.016887264,-5.8217077,0.0029537908
TRAIN_0024,0,-3.76171875,0.0227172115,-5.373884,0.004614695
TRAIN_0025,0,-3.87109375,0.0204112215,-5.530134,0.003949794
TRAIN_0026,0,-4.0625,0.01719798975,-5.8035717,0.003007687
TRAIN_0027,0,-3.9921875,0.0181405565,-5.703125,0.003324437
TRAIN_0028,1,3.77734375,0.976774875,5.3962054,0.9954867
TRAIN_0029,1,3.5332031,0.9715035,5.047433,0.99361515
TRAIN_0030,1,4.0595703,0.982789695,5.799386,0.9969797
TRAIN_0031,0,-4.1875,0.01496406575,-5.982143,0.0025170615
TRAIN_0032,0,-3.7519531,0.023023691,-5.359933,0.004679223
TRAIN_0033,1,3.7421875,0.9766983,5.345982,0.9952553
TRAIN_0034,1,3.8027344,0.97700355,5.432478,0.9956468
TRAIN_0035,0,-3.8701172,0.0205919195,-5.528739,0.003955287
TRAIN_0036,0,-3.95214845,0.0192087745,-5.6459265,0.0035194443
TRAIN_0037,1,3.70996095,0.976088575,5.2999444,0.9950329
TRAIN_0038,1,3.69335935,0.97559065,5.276228,0.9949143
TRAIN_0039,1,3.32421875,0.965164365,4.748884,0.991413
TRAIN_0040,0,-3.91796875,0.0198886125,-5.5970984,0.0036949064
TRAIN_0041,0,-3.89453125,0.0207568285,-5.5636163,0.0038202333
TRAIN_0042,0,-4.08398435,0.0165628084999999,-5.8342633,0.0029170434
TRAIN_0043,0,-4.00488285,0.0179613745,-5.721261,0.003264883
TRAIN_0044,1,3.80859375,0.97796625,5.4408484,0.99568295
TRAIN_0045,0,-3.85058595,0.0210663025,-5.5008373,0.004066745
TRAIN_0046,0,-3.75683595,0.022887773,-5.3669086,0.0046468475
TRAIN_0047,1,3.85546875,0.978856925,5.5078125,0.99596137
TRAIN_0048,0,-4.0107422,0.018049794,-5.729632,0.003237756
TRAIN_0049,0,-3.7373047,0.023506271,-5.339007,0.0047777
TRAIN_0050,1,3.6269531,0.97343265,5.1813617,0.99441105
TRAIN_0051,1,2.95703125,0.946697675,4.2243304,0.98557603
TRAIN_0052,1,3.76367185,0.977191735,5.376674,0.9953981
TRAIN_0053,0,-3.7138672,0.025219225,-5.305525,0.0049395715
TRAIN_0054,1,3.81835935,0.97848794,5.454799,0.9957425
TRAIN_0055,0,-4.20410155,0.0154369525,-6.0058594,0.002458213
TRAIN_0056,0,-3.78808595,0.0222090294999999,-5.4115515,0.0044448627
TRAIN_0057,1,3.69433595,0.9755604,5.2776227,0.9949214
TRAIN_0058,0,-3.9267578,0.0195931614999999,-5.609654,0.0036489728
TRAIN_0059,0,-3.5673828,0.027464725,-5.096261,0.0060823634
TRAIN_0060,1,3.7246094,0.975956795,5.3208704,0.99513525
TRAIN_0061,0,-3.9638672,0.018696339,-5.6626673,0.0034612184
TRAIN_0062,0,-3.69628905,0.0242849195,-5.280413,0.0050645466
TRAIN_0063,0,-4.0498047,0.0175944115,-5.785435,0.0030625649
TRAIN_0064,0,-3.8105469,0.022134422,-5.4436383,0.00430511
TRAIN_0065,1,3.5625,0.969782725,5.089286,0.9938753
TRAIN_0066,1,3.7001953,0.97546207,5.2859936,0.9949635
TRAIN_0067,1,3.81152345,0.978166275,5.4450336,0.9957009
TRAIN_0068,1,3.69921875,0.975117685,5.2845984,0.99495655
TRAIN_0069,0,-3.9453125,0.0191553655,-5.636161,0.00355386
TRAIN_0070,1,3.81835935,0.978319885,5.454799,0.9957425
TRAIN_0071,0,-4.0097656,0.017841606,-5.7282367,0.0032422615
TRAIN_0072,1,3.78125,0.976716725,5.401786,0.9955117
TRAIN_0073,1,3.8417969,0.978905385,5.4882812,0.99588215
TRAIN_0074,1,3.8359375,0.97869475,5.479911,0.9958476
TRAIN_0075,0,-3.86132815,0.0211668824999999,-5.516183,0.0040050633
TRAIN_0076,0,-3.89160155,0.0204681545,-5.559431,0.003836194
TRAIN_0077,1,3.95800785,0.98110285,5.654297,0.99650973
TRAIN_0078,0,-3.9111328,0.020275189,-5.5873327,0.0037310307
TRAIN_0079,1,3.8652344,0.97920605,5.5217633,0.99601716
TRAIN_0080,0,-3.9091797,0.019952436,-5.5845423,0.0037414178
TRAIN_0081,1,3.94140625,0.98056278,5.6305804,0.9964263
TRAIN_0082,0,-3.7392578,0.0232607055,-5.341797,0.0047644526
TRAIN_0083,0,-3.953125,0.0194087285,-5.6473217,0.0035145546
TRAIN_0084,0,-3.86914065,0.020461269,-5.5273438,0.0039607873
TRAIN_0085,0,-3.9365234,0.019477319,-5.623605,0.0035986023
TRAIN_0086,0,-4.25,0.0140661975,-6.071429,0.002302559
TRAIN_0087,1,3.84472655,0.97905577,5.4924664,0.99589914
TRAIN_0088,1,3.72070315,0.97623777,5.3152905,0.9951082
TRAIN_0089,1,3.75097655,0.976731515,5.358538,0.99531424
TRAIN_0090,0,-3.9189453,0.019634881,-5.5984936,0.0036897734
TRAIN_0091,0,-3.7978516,0.0219453805,-5.4255023,0.0043835538
TRAIN_0092,0,-3.9921875,0.018133095,-5.703125,0.003324437
TRAIN_0093,1,3.6425781,0.97222055,5.203683,0.9945338
TRAIN_0094,0,-3.91308595,0.0195920755,-5.5901227,0.0037206744
TRAIN_0095,1,3.6884766,0.97559885,5.2692523,0.9948789
TRAIN_0096,0,-3.57714845,0.027285381,-5.1102123,0.0059986007
TRAIN_0097,1,3.78125,0.977019115,5.401786,0.9955117
TRAIN_0098,0,-3.9326172,0.019487095,-5.618025,0.0036186653
TRAIN_0099,0,-4.0175781,0.0178052915,-5.7393975,0.0032063914
TRAIN_0100,1,3.8183594,0.97811565,5.454799,0.9957425
TRAIN_0101,1,3.6386719,0.974281985,5.198103,0.9945034
TRAIN_0102,0,-3.7265625,0.023529651,-5.323661,0.0048512258
TRAIN_0103,1,3.76953125,0.97719332,5.3850446,0.99543625
TRAIN_0104,0,-3.890625,0.0201028495,-5.558036,0.0038415294
TRAIN_0105,1,3.7314453,0.97659783,5.330636,0.99518234
TRAIN_0106,1,3.89160155,0.9797204,5.559431,0.99616385
TRAIN_0107,1,3.96582035,0.98139765,5.6654577,0.9965485
TRAIN_0108,1,3.97265625,0.98137912,5.6752234,0.99658185
TRAIN_0109,0,-4.0136719,0.017766358,-5.733817,0.003224277
TRAIN_0110,1,3.5595703,0.972334565,5.0851007,0.9938498
TRAIN_0111,1,3.79785155,0.977934135,5.4255023,0.99561644
TRAIN_0112,1,3.8847656,0.979689095,5.5496655,0.99612635
TRAIN_0113,1,3.8466797,0.9781504,5.495257,0.99591064
TRAIN_0114,1,3.77636715,0.977373395,5.39481,0.9954804
TRAIN_0115,0,-3.90429685,0.019780905,-5.577567,0.0037675072
TRAIN_0116,0,-3.6992188,0.0242138825,-5.2845984,0.005043502
TRAIN_0117,0,-3.875,0.0204550615,-5.535714,0.003927902
TRAIN_0118,1,3.9501953,0.981095365,5.643136,0.9964708
TRAIN_0119,1,3.71972655,0.9760037,5.313895,0.9951014
TRAIN_0120,0,-4.0732422,0.0171793645,-5.8189173,0.0029620202
TRAIN_0121,1,3.62304685,0.9730656,5.1757812,0.99437994
TRAIN_0122,0,-3.88671875,0.0202771245,-5.5524554,0.0038629435
TRAIN_0123,1,3.578125,0.970945955,5.111607,0.99400973
TRAIN_0124,0,-3.87402345,0.0210753789999999,-5.5343194,0.0039333627
TRAIN_0125,0,-3.67578125,0.025974584,-5.2511163,0.005214332
TRAIN_0126,1,3.8125,0.97802818,5.446429,0.99570686
TRAIN_0127,1,3.80761715,0.97782352,5.439453,0.99567693
TRAIN_0128,0,-4.18164065,0.0150515835,-5.9737725,0.0025381648
TRAIN_0129,1,3.73632815,0.9760651,5.3376117,0.99521565
TRAIN_0130,1,3.97753905,0.981579825,5.6821985,0.9966055
TRAIN_0131,1,4.11523435,0.9839246,5.8789062,0.99720997
TRAIN_0132,1,4.078125,0.983337115,5.825893,0.9970585
TRAIN_0133,0,-3.9970703,0.018043963,-5.7101007,0.0033014037
TRAIN_0134,1,3.5097656,0.97092175,5.013951,0.99339926
TRAIN_0135,1,3.8720703,0.979136985,5.531529,0.9960557
TRAIN_0136,0,-3.8671875,0.020509702,-5.524554,0.00397181
TRAIN_0137,0,-3.7177734,0.0249429384999999,-5.311105,0.004912221
TRAIN_0138,0,-3.94433595,0.0204986539999999,-5.6347656,0.0035588038
TRAIN_0139,0,-4.0185547,0.01842798,-5.7407923,0.0032019368
TRAIN_0140,0,-3.79296875,0.022474855,-5.4185266,0.004414104
TRAIN_0141,0,-3.55078125,0.0279319094999999,-5.0725446,0.0062274304
TRAIN_0142,0,-3.73046875,0.0240409515,-5.3292413,0.0048243594
TRAIN_0143,1,3.6171875,0.9738366,5.167411,0.994333
TRAIN_0144,0,-3.95996095,0.0191351285,-5.6570873,0.0034805187
TRAIN_0145,1,3.5283203,0.9710831,5.0404577,0.9935708
TRAIN_0146,1,3.7128906,0.976017295,5.3041296,0.9950536
TRAIN_0147,1,3.50390625,0.970776275,5.0055804,0.9933442
TRAIN_0148,0,-3.8486328,0.020971204,-5.498047,0.0040780623
TRAIN_0149,1,3.6123047,0.973703925,5.160435,0.9942935
TRAIN_0150,0,-3.82910155,0.021967986,-5.470145,0.0041929656
TRAIN_0151,1,3.2109375,0.9611336,4.587054,0.9899198
TRAIN_0152,0,-4.17382815,0.0153890214999999,-5.9626117,0.0025665786
TRAIN_0153,1,3.7988281,0.97795281,5.4268975,0.9956226
TRAIN_0154,0,-3.9091797,0.0199786825,-5.5845423,0.0037414178
TRAIN_0155,1,4.02734375,0.98246908,5.7533484,0.99683785
TRAIN_0156,0,-3.9316406,0.01975962,-5.6166296,0.0036236993
TRAIN_0157,0,-3.74316405,0.0231486115,-5.3473773,0.004738064
TRAIN_0158,1,3.77148435,0.977475015,5.387835,0.9954489
TRAIN_0159,0,-3.91503905,0.020236844,-5.592913,0.003710345
TRAIN_0160,1,3.4570312,0.96895025,4.9386163,0.9928865
TRAIN_0161,1,3.97265625,0.98149445,5.6752234,0.99658185
TRAIN_0162,1,3.50292965,0.970371245,5.004185,0.9933349
TRAIN_0163,1,3.42578125,0.964966015,4.8939734,0.99256414
TRAIN_0164,1,3.55078125,0.97153803,5.0725446,0.99377257
TRAIN_0165,1,3.58203125,0.972891065,5.1171875,0.9940428
TRAIN_0166,1,3.92480465,0.980525125,5.606864,0.9963408
TRAIN_0167,0,-3.9667969,0.0186626115,-5.666853,0.003446811
TRAIN_0168,1,4.0878906,0.983498575,5.8398438,0.99709916
TRAIN_0169,0,-3.8466797,0.0226442305,-5.495257,0.00408941
TRAIN_0170,0,-3.859375,0.0208071555,-5.513393,0.004016208
TRAIN_0171,0,-4.04882815,0.0171445429999999,-5.7840405,0.0030668261
TRAIN_0172,0,-3.8740234,0.02055456,-5.5343194,0.0039333627
TRAIN_0173,0,-3.9472656,0.01923728,-5.638951,0.0035439935
TRAIN_0174,1,3.5615234,0.97211967,5.0878906,0.99386686
TRAIN_0175,1,3.74121095,0.97633845,5.3445873,0.99524873
TRAIN_0176,0,-3.9140625,0.019627807,-5.591518,0.0037155065
TRAIN_0177,0,-3.921875,0.019431952,-5.602679,0.00367442
TRAIN_0178,0,-3.6640625,0.0255939845,-5.234375,0.005301895
TRAIN_0179,1,3.8671875,0.979049625,5.524554,0.9960282
TRAIN_0180,1,3.8300781,0.97821367,5.4715405,0.99581283
TRAIN_0181,0,-3.7402344,0.023326968,-5.343192,0.0047578407
TRAIN_0182,1,3.82226565,0.97811757,5.4603796,0.99576604
TRAIN_0183,0,-3.76367185,0.023777869,-5.376674,0.0046018967
TRAIN_0184,0,-3.8691406,0.0205236354999999,-5.5273438,0.0039607873
TRAIN_0185,1,3.88671875,0.979656875,5.5524554,0.9961371
TRAIN_0186,0,-3.78027345,0.02230971,-5.4003906,0.0044945246
TRAIN_0187,0,-3.8876953,0.020123901,-5.5538507,0.0038575784
TRAIN_0188,0,-3.8984375,0.019878741,-5.5691967,0.0037990552
TRAIN_0189,1,3.87304685,0.979501475,5.532924,0.99606115
TRAIN_0190,1,3.8408203,0.9788678,5.486886,0.9958763
TRAIN_0191,1,3.9414063,0.9809222,5.6305804,0.9964263
TRAIN_0192,1,3.71191405,0.97566197,5.3027344,0.99504673
TRAIN_0193,1,3.4677734,0.968219835,4.9539623,0.992994
TRAIN_0194,0,-3.90722655,0.02079828325,-5.5817523,0.0037518314
TRAIN_0195,0,-4.0839844,0.016574584,-5.8342633,0.0029170434
TRAIN_0196,0,-4.1015625,0.0162892815,-5.859375,0.0028449094
TRAIN_0197,0,-3.7236328,0.0236752724999999,-5.3194757,0.0048714727
TRAIN_0198,0,-3.67871095,0.0254849795,-5.2553015,0.0051926672
TRAIN_0199,1,3.2080078,0.96108835,4.5828686,0.98987794
TRAIN_0200,0,-3.609375,0.0263576245,-5.15625,0.005730246
TRAIN_0201,0,-3.69628905,0.0249253325,-5.280413,0.0050645466
TRAIN_0202,1,4.04882815,0.982842535,5.7840405,0.9969331
TRAIN_0203,1,3.7314453,0.976520065,5.330636,0.99518234
TRAIN_0204,1,3.75195315,0.97608125,5.359933,0.99532074
TRAIN_0205,1,3.7539062,0.97635402,5.3627234,0.99533373
TRAIN_0206,1,3.77734375,0.9775582,5.3962054,0.9954867
TRAIN_0207,0,-3.83496095,0.021528199,-5.4785156,0.0041581606
TRAIN_0208,1,3.84472655,0.979054215,5.4924664,0.99589914
TRAIN_0209,0,-3.70214845,0.0243264695,-5.2887836,0.0050225435
TRAIN_0210,1,3.7421875,0.975649715,5.345982,0.9952553
TRAIN_0211,0,-3.9609375,0.0190405495,-5.658482,0.0034756844
TRAIN_0212,0,-4.24414065,0.01414636975,-6.0630584,0.0023218687
TRAIN_0213,1,3.5400391,0.971699075,5.0571985,0.99367684
TRAIN_0214,1,3.78125,0.97686321,5.401786,0.9955117
TRAIN_0215,1,3.6464844,0.974314085,5.2092633,0.99456394
TRAIN_0216,0,-4.11914065,0.0160472514999999,-5.8844867,0.0027745543
TRAIN_0217,1,3.7734375,0.9767555,5.390625,0.9954615
TRAIN_0218,0,-3.7236328,0.0241173729999999,-5.3194757,0.0048714727
TRAIN_0219,1,3.66601565,0.975047035,5.2371655,0.99471277
TRAIN_0220,1,3.6552734,0.97471675,5.2218194,0.9946314
TRAIN_0221,0,-3.82128905,0.0224856935,-5.4589844,0.0042398255
TRAIN_0222,1,3.76464845,0.97734917,5.3780694,0.9954045
TRAIN_0223,1,3.4111328,0.96798495,4.873047,0.99240804
TRAIN_0224,0,-4.0185547,0.017879045,-5.7407923,0.0032019368
TRAIN_0225,1,3.97460935,0.98150925,5.6780133,0.9965913
TRAIN_0226,0,-3.90429685,0.01980817,-5.577567,0.0037675072
TRAIN_0227,1,3.3808594000000003,0.96694167,4.829799,0.9920752
TRAIN_0228,0,-3.87792965,0.0204653835,-5.5399,0.00391156
TRAIN_0229,1,3.6796875,0.97465157,5.2566967,0.99481446
TRAIN_0230,1,3.7998047,0.977925725,5.4282923,0.9956286
TRAIN_0231,0,-3.7636719,0.022794575,-5.376674,0.0046018967
TRAIN_0232,1,3.8847656,0.9795064,5.5496655,0.99612635
TRAIN_0233,1,3.8203125,0.97846815,5.457589,0.99575424
TRAIN_0234,1,3.90527345,0.98005425,5.5789623,0.99623775
TRAIN_0235,0,-4.13085935,0.0158462495,-5.901228,0.002728617
TRAIN_0236,0,-3.9550781,0.0194929005,-5.6501117,0.0035047971
TRAIN_0237,0,-3.97558595,0.018544247,-5.6794086,0.0034039516
TRAIN_0238,1,3.515625,0.969611495,5.0223217,0.993454
TRAIN_0239,0,-3.9150391,0.01994202,-5.592913,0.003710345
TRAIN_0240,0,-3.9160156,0.02037943925,-5.594308,0.0037051926
TRAIN_0241,0,-3.93066405,0.0192672445,-5.6152344,0.0036287403
TRAIN_0242,0,-3.8828125,0.0204710075,-5.546875,0.0038844766
TRAIN_0243,1,3.8681641,0.97948987,5.5259485,0.9960337
TRAIN_0244,1,3.8710938,0.9793059,5.530134,0.9960502
TRAIN_0245,0,-4.06054685,0.0169526105,-5.8007812,0.0030160663
TRAIN_0246,0,-3.7275391,0.0234958095,-5.325056,0.004844495
TRAIN_0247,0,-3.5966797,0.0267526185,-5.138114,0.0058345064
TRAIN_0248,0,-3.96484375,0.018656598,-5.6640625,0.0034564098
TRAIN_0249,0,-3.9160156,0.019835448,-5.594308,0.0037051926
TRAIN_0250,0,-3.890625,0.020475497,-5.558036,0.0038415294
TRAIN_0251,0,-3.8701172,0.0206557845,-5.528739,0.003955287
TRAIN_0252,1,3.8583984,0.97925773,5.5119977,0.99597824
TRAIN_0253,1,3.859375,0.97930065,5.513393,0.99598384
TRAIN_0254,1,3.6992188,0.9751512,5.2845984,0.99495655
TRAIN_0255,0,-3.79785155,0.0219712055,-5.4255023,0.0043835538
TRAIN_0256,0,-3.76855465,0.0237125399999999,-5.38365,0.004570054
TRAIN_0257,1,3.85058595,0.9791584,5.5008373,0.99593323
TRAIN_0258,1,3.7880859,0.97780377,5.4115515,0.9955551
TRAIN_0259,1,3.77734375,0.9765763,5.3962054,0.9954867
TRAIN_0260,0,-3.74316405,0.0237503135,-5.3473773,0.004738064
TRAIN_0261,1,3.3613281500000003,0.9662591,4.8018975,0.9918528
TRAIN_0262,0,-3.81542965,0.0225510344999999,-5.450614,0.004275311
TRAIN_0263,0,-4.0292969,0.0178666145,-5.7561383,0.0031533283
TRAIN_0264,0,-3.90039065,0.0204276485,-5.5719867,0.0037885106
TRAIN_0265,0,-4.0498047,0.0171887545,-5.785435,0.0030625649
TRAIN_0266,1,3.6435547,0.97449225,5.205078,0.99454135
TRAIN_0267,1,3.61328125,0.973728035,5.1618304,0.99430144
TRAIN_0268,0,-3.84570315,0.0210636265,-5.4938617,0.0040950957
TRAIN_0269,1,3.44921875,0.96510622,4.9274554,0.99280715
TRAIN_0270,0,-4.1210938,0.015975079,-5.8872766,0.0027668455
TRAIN_0271,1,3.5878906,0.9718247,5.125558,0.99409217
TRAIN_0272,0,-4.2617187,0.01399366,-6.0881696,0.0022644205
TRAIN_0273,1,3.8457031,0.978596275,5.4938617,0.995905
TRAIN_0274,0,-3.8359375,0.02112523,-5.479911,0.004152387
TRAIN_0275,1,3.52832035,0.97148295,5.0404577,0.9935708
TRAIN_0276,0,-3.8642578,0.020567763,-5.5203686,0.003988401
TRAIN_0277,0,-3.9736328,0.0184909225,-5.6766186,0.0034134293
TRAIN_0278,1,3.6435547,0.972792185,5.205078,0.99454135
TRAIN_0279,0,-4.28710935,0.013560256,-6.124442,0.0021839319
TRAIN_0280,1,4.015625,0.98207207,5.736607,0.9967847
TRAIN_0281,1,3.66796875,0.97509453,5.2399554,0.99472743
TRAIN_0282,1,3.984375,0.98149155,5.691964,0.9966384
TRAIN_0283,0,-4.0322266,0.017470097,-5.7603235,0.0031402004
TRAIN_0284,0,-3.76367185,0.024252445,-5.376674,0.0046018967
TRAIN_0285,0,-3.83007815,0.02150876,-5.4715405,0.0041871443
TRAIN_0286,1,3.8417969,0.97811115,5.4882812,0.99588215
TRAIN_0287,0,-3.97558595,0.01893944725,-5.6794086,0.0034039516
TRAIN_0288,0,-4.13671875,0.0157295945,-5.9095984,0.0027059342
TRAIN_0289,0,-3.93261715,0.0192619095,-5.618025,0.0036186653
TRAIN_0290,1,3.75390625,0.976642925,5.3627234,0.99533373
TRAIN_0291,1,3.72460935,0.976279625,5.3208704,0.99513525
TRAIN_0292,1,4.0742187,0.983278395,5.8203125,0.9970421
TRAIN_0293,1,3.9814453,0.98160213,5.687779,0.99662435
TRAIN_0294,0,-3.9980469,0.0180754545,-5.7114954,0.0032968177
TRAIN_0295,0,-3.84472655,0.0210151464999999,-5.4924664,0.00410079
TRAIN_0296,0,-3.5371094,0.028477287,-5.0530133,0.006349475
TRAIN_0297,1,3.66308595,0.97498705,5.23298,0.9946907
TRAIN_0298,0,-3.9443359,0.019252547,-5.6347656,0.0035588038
TRAIN_0299,0,-3.85351565,0.020968563,-5.5050225,0.004049829
TRAIN_0300,0,-3.81933595,0.02302776,-5.4561944,0.0042516207
TRAIN_0301,0,-3.8984375,0.0198895855,-5.5691967,0.0037990552
TRAIN_0302,0,-3.96875,0.018552214,-5.669643,0.0034372415
TRAIN_0303,1,3.68652345,0.97358,5.2664623,0.99486464
TRAIN_0304,0,-3.9785156,0.019463872,-5.6835938,0.0033897832
TRAIN_0305,1,3.5410156,0.97148438,5.0585938,0.99368566
TRAIN_0306,1,3.74023435,0.97604805,5.343192,0.99524224
TRAIN_0307,0,-3.7871094,0.0224314045,-5.4101562,0.004451041
TRAIN_0308,1,3.578125,0.9728117,5.111607,0.99400973
TRAIN_0309,1,3.67285155,0.97517628,5.246931,0.99476385
TRAIN_0310,1,4.0722656,0.9832333,5.8175225,0.99703383
TRAIN_0311,1,3.44921875,0.9692052,4.9274554,0.99280715
TRAIN_0312,1,3.65429685,0.97477205,5.220424,0.994624
TRAIN_0313,1,3.9082031,0.97998518,5.5831475,0.9962534
TRAIN_0314,1,3.61914065,0.97384095,5.170201,0.9943487
TRAIN_0315,0,-3.7705078,0.0236538219999999,-5.38644,0.004557379
TRAIN_0316,0,-3.9355469,0.0192186805,-5.62221,0.003603606
TRAIN_0317,0,-4.0605469,0.01704036,-5.8007812,0.0030160663
TRAIN_0318,0,-3.7724609,0.022900062,-5.38923,0.0045447396
TRAIN_0319,1,3.56152345,0.97177455,5.0878906,0.99386686
TRAIN_0320,0,-3.640625,0.025571707,-5.200893,0.005481429
TRAIN_0321,0,-3.8623047,0.0209453745,-5.517578,0.003999501
TRAIN_0322,0,-4.02148435,0.017780523,-5.744978,0.0031886052
TRAIN_0323,0,-4.03710935,0.0173951155,-5.767299,0.00311844
TRAIN_0324,1,3.98828125,0.98148955,5.6975446,0.996657
TRAIN_0325,1,3.6894531,0.97561094,5.2706475,0.994886
TRAIN_0326,1,3.6181641,0.973867295,5.168806,0.9943408
TRAIN_0327,0,-3.921875,0.0211925215,-5.602679,0.00367442
TRAIN_0328,0,-3.99609375,0.018296854,-5.7087054,0.0033059977
TRAIN_0329,1,3.5546875,0.971676675,5.078125,0.993807
TRAIN_0330,0,-3.8857422,0.0203900019999999,-5.55106,0.003868316
TRAIN_0331,1,3.7998047,0.97789752,5.4282923,0.9956286
TRAIN_0332,0,-3.57910155,0.027193753,-5.1130023,0.005981988
TRAIN_0333,1,3.3691406,0.966700825,4.813058,0.9919424
TRAIN_0334,1,3.7558594,0.977143465,5.3655133,0.9953467
TRAIN_0335,0,-3.96875,0.01855061,-5.669643,0.0034372415
TRAIN_0336,0,-4.1621094,0.0153459004999999,-5.9458704,0.002609795
TRAIN_0337,1,3.95019535,0.980557625,5.643136,0.9964708
TRAIN_0338,1,3.8085937,0.97825168,5.4408484,0.99568295
TRAIN_0339,1,3.5214844,0.971195825,5.030692,0.9935081
TRAIN_0340,1,4.2050781,0.98527393,6.0072546,0.9975452
TRAIN_0341,1,3.9384766,0.980870125,5.626395,0.9964114
TRAIN_0342,0,-4.11914065,0.0160472514999999,-5.8844867,0.0027745543
TRAIN_0343,0,-3.72851565,0.023724994,-5.326451,0.004837775
TRAIN_0344,0,-4.04492185,0.0172149765,-5.77846,0.0030839352
TRAIN_0345,0,-3.9169922,0.0199420025,-5.595703,0.0037000456
TRAIN_0346,0,-3.82226565,0.0214135955,-5.4603796,0.004233939
TRAIN_0347,1,3.64160155,0.97416677,5.202288,0.9945261
TRAIN_0348,1,3.9287109,0.980671435,5.6124444,0.9963612
TRAIN_0349,0,-3.703125,0.024361997,-5.290179,0.005015576
TRAIN_0350,1,4.0097656,0.98199435,5.7282367,0.9967577
TRAIN_0351,0,-3.89257815,0.0199921825,-5.560826,0.0038308676
TRAIN_0352,0,-4.0673828,0.0170679175,-5.810547,0.002986843
TRAIN_0353,1,3.50683595,0.97086945,5.0097656,0.9933717
TRAIN_0354,0,-3.9492187,0.0189103475,-5.6417413,0.0035341526
TRAIN_0355,0,-4.046875,0.017463932,-5.78125,0.0030753699
TRAIN_0356,0,-3.8808594,0.0203788795,-5.544085,0.003895287
TRAIN_0357,0,-4.23046875,0.0145310415,-6.043527,0.002367555
TRAIN_0358,0,-3.91796875,0.019519417,-5.5970984,0.0036949064
TRAIN_0359,0,-3.69140625,0.0244422914999999,-5.2734375,0.0050998176
TRAIN_0360,0,-3.9853516,0.018252776,-5.6933594,0.0033569515
TRAIN_0361,0,-3.5732422,0.0275301095,-5.104632,0.006031967
TRAIN_0362,1,3.8085938,0.97829944,5.4408484,0.99568295
TRAIN_0363,0,-4.0126953,0.0177675875,-5.732422,0.0032287643
TRAIN_0364,0,-4.03515625,0.0174120125,-5.764509,0.0031271246
TRAIN_0365,0,-3.72363285,0.0236295435,-5.3194757,0.0048714727
TRAIN_0366,0,-4.08203125,0.016646282,-5.8314734,0.0029251697
TRAIN_0367,1,3.74121095,0.976583165,5.3445873,0.99524873
TRAIN_0368,0,-3.81640625,0.0219995265,-5.452009,0.004269375
TRAIN_0369,0,-3.9970703,0.0187503895,-5.7101007,0.0033014037
TRAIN_0370,1,3.75878905,0.977123715,5.3696985,0.9953661
TRAIN_0371,0,-3.7890625,0.0229612184999999,-5.4129467,0.004438693
TRAIN_0372,1,3.7529297,0.976934105,5.361328,0.99532723
TRAIN_0373,0,-3.9765625,0.0184065164999999,-5.680804,0.003399222
TRAIN_0374,0,-4.1953125,0.01509241875,-5.993304,0.0024891947
TRAIN_0375,0,-3.9794922,0.0183752855,-5.684989,0.0033850733
TRAIN_0376,1,4.08984375,0.98353085,5.842634,0.9971072
TRAIN_0377,0,-3.9511719,0.0189443535,-5.6445312,0.003524341
TRAIN_0378,0,-3.8974609,0.02032698,-5.5678015,0.0038043389
TRAIN_0379,1,3.39941405,0.967560275,4.856306,0.9922809
TRAIN_0380,1,3.81835935,0.9783605,5.454799,0.9957425
TRAIN_0381,0,-3.7578125,0.022802799,-5.368304,0.004640399
TRAIN_0382,0,-3.8720703,0.0205246765,-5.531529,0.003944311
TRAIN_0383,1,3.8222656,0.97836895,5.4603796,0.99576604
TRAIN_0384,0,-3.73339845,0.0233530415,-5.3334265,0.0048043076
TRAIN_0385,0,-3.8642578,0.02099005,-5.5203686,0.003988401
TRAIN_0386,1,3.87109375,0.97958835,5.530134,0.9960502
TRAIN_0387,1,3.15722655,0.95883185,4.5103235,0.98912466
TRAIN_0388,0,-3.68554685,0.0247267535,-5.265067,0.005142465
TRAIN_0389,1,3.8378906,0.978817015,5.482701,0.9958591
TRAIN_0390,1,3.265625,0.9530367,4.665179,0.9906703
TRAIN_0391,0,-3.81152345,0.021647825,-5.4450336,0.004299133
TRAIN_0392,0,-3.79003905,0.022184402,-5.4143414,0.0044325343
TRAIN_0393,1,3.81933595,0.97819993,5.4561944,0.99574846
TRAIN_0394,0,-3.86816405,0.0210488295,-5.5259485,0.003966296
TRAIN_0395,1,3.24804685,0.96251585,4.640067,0.99043536
TRAIN_0396,0,-3.7871094,0.0230403105,-5.4101562,0.004451041
TRAIN_0397,0,-3.88476565,0.02090208,-5.5496655,0.0038736942
TRAIN_0398,0,-3.9707031,0.018719634,-5.672433,0.0034276976
TRAIN_0399,1,4.1523438,0.98449984,5.9319196,0.9973537
TRAIN_0400,1,3.90820315,0.9799127,5.5831475,0.9962534
TRAIN_0401,0,-3.7578125,0.023534022,-5.368304,0.004640399
TRAIN_0402,0,-4.0800781,0.0166579165,-5.828683,0.0029333197
TRAIN_0403,1,3.8271484,0.978322,5.467355,0.99579537
TRAIN_0404,0,-3.9091797,0.0202299875,-5.5845423,0.0037414178
TRAIN_0405,1,3.6015625,0.972020535,5.145089,0.9942059
TRAIN_0406,1,3.5732422,0.972272975,5.104632,0.993968
TRAIN_0407,1,4.0039062,0.98203084,5.7198663,0.99673057
TRAIN_0408,0,-3.6816406,0.0248144115,-5.2594867,0.0051710927
TRAIN_0409,0,-4.00683595,0.01881086,-5.7240515,0.003255815
TRAIN_0410,1,3.68847655,0.97541465,5.2692523,0.9948789
TRAIN_0411,1,3.70605465,0.97597025,5.294364,0.9950053
TRAIN_0412,1,3.76757815,0.97717523,5.3822546,0.9954236
TRAIN_0413,1,3.8359375,0.978715095,5.479911,0.9958476
TRAIN_0414,0,-4.21484375,0.014597899,-6.0212054,0.0024208678
TRAIN_0415,1,3.51171875,0.969101315,5.0167413,0.9934175
TRAIN_0416,1,3.8544922,0.9785803,5.5064173,0.9959558
TRAIN_0417,1,3.84082035,0.97895297,5.486886,0.9958763
TRAIN_0418,1,3.83496095,0.9784718,5.4785156,0.9958418
TRAIN_0419,1,3.97851565,0.981550815,5.6835938,0.9966102
TRAIN_0420,0,-3.89746095,0.0200989835,-5.5678015,0.0038043389
TRAIN_0421,0,-3.84765625,0.0209814825,-5.4966516,0.004083733
TRAIN_0422,1,3.73730465,0.9767247,5.339007,0.9952223
TRAIN_0423,0,-3.50585935,0.029146176,-5.0083704,0.0066374326
TRAIN_0424,1,3.52148435,0.97128311,5.030692,0.9935081
TRAIN_0425,0,-3.9746094,0.018440742,-5.6780133,0.003408688
TRAIN_0426,0,-3.82226565,0.0218165925,-5.4603796,0.004233939
TRAIN_0427,0,-3.984375,0.0184353155,-5.691964,0.0033616228
TRAIN_0428,0,-3.7480469,0.0230631735,-5.354353,0.0047052833
TRAIN_0429,1,3.64257815,0.97428112,5.203683,0.9945338
TRAIN_0430,0,-3.84570315,0.0211523035,-5.4938617,0.0040950957
TRAIN_0431,0,-4.0996094,0.016449868,-5.856585,0.002852835
TRAIN_0432,0,-4.1660156,0.0152776394999999,-5.951451,0.0025953094
TRAIN_0433,0,-3.8857422,0.020645357,-5.55106,0.003868316
TRAIN_0434,0,-3.828125,0.021304132,-5.46875,0.0041987947
TRAIN_0435,0,-3.80957035,0.0218385225,-5.4422436,0.004311092
TRAIN_0436,0,-3.63378905,0.0258068615,-5.1911273,0.0055349227
TRAIN_0437,0,-3.81054685,0.0217533875,-5.4436383,0.00430511
TRAIN_0438,0,-3.6962891,0.024499831,-5.280413,0.0050645466
TRAIN_0439,1,3.9765625,0.98158181,5.680804,0.9966008
TRAIN_0440,1,3.7685547,0.97573921,5.38365,0.99543
TRAIN_0441,0,-3.67871095,0.0247158605,-5.2553015,0.0051926672
TRAIN_0442,1,3.8388672,0.978923795,5.484096,0.99586487
TRAIN_0443,1,3.88378905,0.97973052,5.54827,0.99612087
TRAIN_0444,1,3.54589845,0.971007215,5.0655694,0.99372923
TRAIN_0445,1,3.78515625,0.977283035,5.4073663,0.99553657
TRAIN_0446,1,3.83496095,0.978126045,5.4785156,0.9958418
TRAIN_0447,1,3.88867185,0.97950932,5.5552454,0.99614775
TRAIN_0448,0,-4.09277345,0.0168974699999999,-5.8468194,0.0028807512
TRAIN_0449,1,3.7207031,0.976204475,5.3152905,0.9951082
TRAIN_0450,1,3.44042965,0.9686612,4.9149,0.9927169
TRAIN_0451,1,3.44824215,0.969135265,4.92606,0.9927972
TRAIN_0452,1,4.01269535,0.982186525,5.732422,0.99677116
TRAIN_0453,0,-3.6669922,0.0256577174999999,-5.23856,0.005279869
TRAIN_0454,0,-3.7851563,0.022735324,-5.4073663,0.004463421
TRAIN_0455,0,-3.60644535,0.0267248434999999,-5.152065,0.00575414
TRAIN_0456,1,3.85253905,0.97864587,5.5036273,0.99594456
TRAIN_0457,1,3.0175781,0.946351135,4.310826,0.9867553
TRAIN_0458,1,3.8896484,0.97960767,5.5566406,0.99615306
TRAIN_0459,0,-3.67089845,0.0250278865,-5.2441406,0.005250641
TRAIN_0460,0,-3.82617185,0.0216443275,-5.46596,0.004210477
TRAIN_0461,0,-3.82910155,0.0212677855,-5.470145,0.0041929656
TRAIN_0462,0,-3.5546875,0.0289559184999999,-5.078125,0.0061929906
TRAIN_0463,1,3.8046875,0.97812925,5.435268,0.9956589
TRAIN_0464,1,3.7734375,0.977521815,5.390625,0.9954615
TRAIN_0465,0,-3.69140625,0.024475203,-5.2734375,0.0050998176
TRAIN_0466,0,-3.93066405,0.0197323935,-5.6152344,0.0036287403
TRAIN_0467,0,-3.9511719,0.0190505635,-5.6445312,0.003524341
TRAIN_0468,0,-3.7216797,0.0236230735,-5.316685,0.0048850183
TRAIN_0469,0,-3.93066405,0.0196539955,-5.6152344,0.0036287403
TRAIN_0470,0,-4.1191406,0.016332125,-5.8844867,0.0027745543
TRAIN_0471,0,-3.8671875,0.021190864,-5.524554,0.00397181
TRAIN_0472,0,-3.7441406,0.023252355,-5.3487725,0.0047314893
TRAIN_0473,1,4.04101565,0.98252865,5.7728796,0.9968989
TRAIN_0474,0,-4.16699215,0.015640783,-5.952846,0.0025917003
TRAIN_0475,0,-4.04882815,0.017695238,-5.7840405,0.0030668261
TRAIN_0476,1,3.62402345,0.973876865,5.1771765,0.9943877
TRAIN_0477,1,3.734375,0.97633295,5.3348217,0.9952023
TRAIN_0478,1,3.8095703,0.97818085,5.4422436,0.99568886
TRAIN_0479,1,3.81445315,0.978258,5.4492188,0.9957188
TRAIN_0480,1,3.8203125,0.978510025,5.457589,0.99575424
TRAIN_0481,1,4.04101565,0.98198797,5.7728796,0.9968989
TRAIN_0482,0,-3.91308595,0.0198391485,-5.5901227,0.0037206744
TRAIN_0483,0,-3.86230465,0.0212769125,-5.517578,0.003999501
TRAIN_0484,0,-3.7890625,0.022117574,-5.4129467,0.004438693
TRAIN_0485,1,3.86132815,0.9790161,5.516183,0.9959949
TRAIN_0486,0,-3.88085935,0.0206639605,-5.544085,0.003895287
TRAIN_0487,0,-4.10742185,0.0161846365,-5.8677454,0.002821263
TRAIN_0488,0,-3.95703125,0.0187667965,-5.6529016,0.0034950664
TRAIN_0489,0,-3.5332031,0.0285919234999999,-5.047433,0.0063847806
TRAIN_0490,0,-3.81054685,0.0231708995,-5.4436383,0.00430511
TRAIN_0491,1,3.8261719,0.97777475,5.46596,0.9957896
TRAIN_0492,1,3.55078125,0.97209623,5.0725446,0.99377257
TRAIN_0493,1,3.8847656,0.9798309,5.5496655,0.99612635
TRAIN_0494,0,-3.6513672,0.025375901,-5.216239,0.005398404
TRAIN_0495,0,-3.875,0.0206977085,-5.535714,0.003927902
TRAIN_0496,0,-3.72070315,0.0255310524999999,-5.3152905,0.0048918035
TRAIN_0497,0,-3.9658203,0.0196643685,-5.6654577,0.0034516074
TRAIN_0498,0,-3.79882815,0.022008068,-5.4268975,0.004377469
TRAIN_0499,1,4.0341797,0.98259443,5.763114,0.99686855
TRAIN_0500,1,3.7861328,0.977575985,5.408761,0.9955428
TRAIN_0501,1,3.47070315,0.96759867,4.9581475,0.99302304
TRAIN_0502,0,-4.0078125,0.0192315615,-5.7254467,0.0032512904
TRAIN_0503,0,-3.80566405,0.0217783265,-5.436663,0.0043351124
TRAIN_0504,1,3.7626953,0.97715305,5.375279,0.9953917
TRAIN_0505,1,3.83691405,0.97813565,5.481306,0.9958534
TRAIN_0506,1,3.85644535,0.97901045,5.5092077,0.99596703
TRAIN_0507,1,3.7685547,0.97702065,5.38365,0.99543
TRAIN_0508,0,-3.9404297,0.0192033395,-5.629185,0.0035786475
TRAIN_0509,1,3.70410155,0.97552094,5.2915735,0.99499136
TRAIN_0510,1,3.87304685,0.979578705,5.532924,0.99606115
TRAIN_0511,0,-3.85742185,0.0207818595,-5.510603,0.004027383
TRAIN_0512,1,3.98242185,0.9816603,5.689174,0.99662894
TRAIN_0513,0,-3.61816405,0.026953826,-5.168806,0.0056591514
TRAIN_0514,0,-3.84277345,0.021181862,-5.4896765,0.0041122
TRAIN_0515,0,-3.68945315,0.0260315175,-5.2706475,0.005113994
TRAIN_0516,1,3.76464845,0.97728307,5.3780694,0.9954045
TRAIN_0517,0,-3.8408203,0.0210286025,-5.486886,0.004123643
TRAIN_0518,0,-3.8046875,0.021890427,-5.435268,0.0043411385
TRAIN_0519,1,3.8632813,0.979300175,5.5189734,0.9960061
TRAIN_0520,0,-3.76464845,0.0237485375,-5.3780694,0.0045955097
TRAIN_0521,0,-3.84082035,0.0221913,-5.486886,0.004123643
TRAIN_0522,1,3.5361328,0.97140095,5.0516186,0.9936418
TRAIN_0523,1,3.546875,0.97192165,5.066964,0.99373794
TRAIN_0524,0,-3.99609375,0.01848031725,-5.7087054,0.0033059977
TRAIN_0525,0,-3.8183594,0.021595633,-5.454799,0.004257532
TRAIN_0526,0,-4.11132815,0.016230875,-5.873326,0.002805607
TRAIN_0527,1,3.80566405,0.97823455,5.436663,0.9956649
TRAIN_0528,0,-3.91015625,0.0196755269999999,-5.5859375,0.0037362208
TRAIN_0529,1,3.7158203,0.976166535,5.308315,0.9950741
TRAIN_0530,0,-3.76074215,0.0231470125,-5.372489,0.0046211076
TRAIN_0531,1,3.74707035,0.97691615,5.3529577,0.99528813
TRAIN_0532,0,-4.17382815,0.0151720395,-5.9626117,0.0025665786
TRAIN_0533,1,3.55859375,0.9722922,5.0837054,0.9938413
TRAIN_0534,0,-3.9736328,0.0184592994999999,-5.6766186,0.0034134293
TRAIN_0535,1,3.6201172,0.9738398,5.171596,0.99435645
TRAIN_0536,0,-4.04492185,0.017267335,-5.77846,0.0030839352
TRAIN_0537,0,-3.8408203,0.0210323649999999,-5.486886,0.004123643
TRAIN_0538,0,-3.90332035,0.020684857,-5.576172,0.0037727475
TRAIN_0539,1,3.5292969,0.97150277,5.041853,0.99357975
TRAIN_0540,0,-3.8300781,0.02159019,-5.4715405,0.0041871443
TRAIN_0541,0,-4.2128906,0.0146623925,-6.0184155,0.002427615
TRAIN_0542,0,-4.0263672,0.01849880175,-5.751953,0.003166512
TRAIN_0543,0,-4.2578125,0.013956629,-6.0825896,0.002277062
TRAIN_0544,1,3.64550785,0.974519675,5.2078686,0.9945564
TRAIN_0545,0,-3.86132815,0.0208256115,-5.516183,0.0040050633
TRAIN_0546,1,3.82128905,0.978158565,5.4589844,0.99576014
TRAIN_0547,1,3.88867185,0.97937367,5.5552454,0.99614775
TRAIN_0548,1,3.66796875,0.9751061,5.2399554,0.99472743
TRAIN_0549,1,3.66796875,0.9750403,5.2399554,0.99472743
TRAIN_0550,0,-4.1914062,0.014899643,-5.9877234,0.0025030894
TRAIN_0551,0,-4.0341797,0.0174791235,-5.763114,0.0031314774
TRAIN_0552,0,-4.109375,0.0161538905,-5.870536,0.0028134233
TRAIN_0553,1,3.5625,0.972405225,5.089286,0.9938753
TRAIN_0554,0,-4.0253906,0.0177727869999999,-5.750558,0.003170919
TRAIN_0555,1,2.7773437,0.91192097,3.967634,0.9814331
TRAIN_0556,1,3.6591797,0.97485942,5.2274,0.99466115
TRAIN_0557,0,-3.8574219,0.0207744435,-5.510603,0.004027383
TRAIN_0558,0,-3.67480465,0.024773601,-5.249721,0.005221574
TRAIN_0559,0,-3.74023435,0.0232017495,-5.343192,0.0047578407
TRAIN_0560,0,-4.3398438,0.012876794,-6.199777,0.002025771
TRAIN_0561,0,-3.796875,0.0222054935,-5.424107,0.0043896474
TRAIN_0562,1,3.98535155,0.981752545,5.6933594,0.99664307
TRAIN_0563,1,3.83300785,0.97879824,5.4757257,0.99583024
TRAIN_0564,1,3.796875,0.977891275,5.424107,0.9956104
TRAIN_0565,0,-3.83007815,0.021983859,-5.4715405,0.0041871443
TRAIN_0566,0,-3.9453125,0.01937766,-5.636161,0.00355386
TRAIN_0567,1,3.8544922,0.979148775,5.5064173,0.9959558
TRAIN_0568,0,-3.91992185,0.0202372244999999,-5.5998883,0.00368465
TRAIN_0569,0,-4.015625,0.0181595599999999,-5.736607,0.0032153227
TRAIN_0570,1,3.78417965,0.97703652,5.405971,0.9955304
TRAIN_0571,0,-3.9785156,0.0183975055,-5.6835938,0.0033897832
TRAIN_0572,0,-3.91992185,0.0195475965,-5.5998883,0.00368465
TRAIN_0573,1,3.2236328,0.96089137,4.60519,0.99009925
TRAIN_0574,0,-3.87304685,0.0204388365,-5.532924,0.003938833
TRAIN_0575,0,-4.078125,0.0168705195,-5.825893,0.0029414904
TRAIN_0576,1,3.95898435,0.981053135,5.655692,0.9965146
TRAIN_0577,0,-4.10546875,0.0166843195,-5.8649554,0.0028291224
TRAIN_0578,0,-3.9277344,0.0193086425,-5.611049,0.0036439039
TRAIN_0579,0,-3.6328125,0.0259769465,-5.189732,0.0055426075
TRAIN_0580,1,4.01660155,0.98229255,5.7380023,0.9967892
TRAIN_0581,0,-3.84472655,0.0209469145,-5.4924664,0.00410079
TRAIN_0582,0,-3.8154297,0.0218353225,-5.450614,0.004275311
TRAIN_0583,1,3.9550781,0.981170325,5.6501117,0.9964952
TRAIN_0584,1,3.62597655,0.97404415,5.1799664,0.99440324
TRAIN_0585,1,3.375,0.966722235,4.821429,0.99200916
TRAIN_0586,0,-3.9277344,0.0193723145,-5.611049,0.0036439039
TRAIN_0587,1,3.41992185,0.9674624,4.885603,0.9925021
TRAIN_0588,1,3.65820315,0.97479075,5.2260046,0.9946538
TRAIN_0589,0,-3.9951172,0.0181432385,-5.70731,0.0033105984
TRAIN_0590,0,-3.97363285,0.018647868,-5.6766186,0.0034134293
TRAIN_0591,0,-3.88671875,0.0201904335,-5.5524554,0.0038629435
TRAIN_0592,1,3.5205078,0.9708168,5.029297,0.99349916
TRAIN_0593,1,3.81445315,0.978032,5.4492188,0.9957188
TRAIN_0594,1,3.79296875,0.97787335,5.4185266,0.9955859
TRAIN_0595,1,3.79296875,0.9778655,5.4185266,0.9955859
TRAIN_0596,0,-3.9960938,0.018188982,-5.7087054,0.0033059977
TRAIN_0597,0,-4.1230469,0.015939341,-5.890067,0.0027591567
TRAIN_0598,1,3.68164065,0.972749295,5.2594867,0.9948289
TRAIN_0599,1,3.46484375,0.96723505,4.9497766,0.99296486
TRAIN_0600,1,3.6240234,0.97396345,5.1771765,0.9943877
TRAIN_0601,0,-3.8720703,0.020391021,-5.531529,0.003944311
TRAIN_0602,0,-3.95410155,0.0189195515,-5.6487164,0.0035096733
TRAIN_0603,0,-3.77246095,0.022508776,-5.38923,0.0045447396
TRAIN_0604,0,-4.3203125,0.013202249,-6.171875,0.0020829707
TRAIN_0605,1,3.72558595,0.97644302,5.3222656,0.995142
TRAIN_0606,1,3.3271484,0.96519702,4.7530694,0.9914486
TRAIN_0607,0,-3.72851565,0.0238655885,-5.326451,0.004837775
TRAIN_0608,0,-3.9404297,0.0192033395,-5.629185,0.0035786475
TRAIN_0609,1,3.73046875,0.976503125,5.3292413,0.9951756
TRAIN_0610,1,3.76953125,0.97639735,5.3850446,0.99543625
TRAIN_0611,0,-3.68164065,0.0252554514999999,-5.2594867,0.0051710927
TRAIN_0612,0,-3.5751953,0.0272883785,-5.107422,0.0060152626
TRAIN_0613,1,3.640625,0.97424412,5.200893,0.9945186
TRAIN_0614,1,3.4824219000000003,0.9698426,4.9748883,0.99313813
TRAIN_0615,1,3.75097655,0.97626952,5.358538,0.99531424
TRAIN_0616,1,3.8916016,0.97982215,5.559431,0.99616385
TRAIN_0617,1,3.90527345,0.98026135,5.5789623,0.99623775
TRAIN_0618,1,3.57714845,0.97235967,5.1102123,0.9940013
TRAIN_0619,1,3.8183594,0.97850268,5.454799,0.9957425
TRAIN_0620,0,-3.78320315,0.022845468,-5.404576,0.004475838
TRAIN_0621,1,3.7128906,0.976089035,5.3041296,0.9950536
TRAIN_0622,0,-3.50585935,0.029180335,-5.0083704,0.0066374326
TRAIN_0623,1,3.7158203,0.9758815,5.308315,0.9950741
TRAIN_0624,0,-3.79003905,0.023552512,-5.4143414,0.0044325343
TRAIN_0625,0,-3.86328125,0.0205743185,-5.5189734,0.0039939475
TRAIN_0626,1,3.4179688,0.96822975,4.8828125,0.99248135
TRAIN_0627,0,-3.87011715,0.020644402,-5.528739,0.003955287
TRAIN_0628,1,3.42285155,0.96839435,4.889788,0.9925331
TRAIN_0629,1,3.8994141,0.979548175,5.5705914,0.99620616
TRAIN_0630,0,-4.09765625,0.0163829645,-5.8537946,0.0028607843
TRAIN_0631,1,3.953125,0.98085357,5.6473217,0.9964855
TRAIN_0632,0,-4.15039065,0.01555674,-5.9291296,0.0026537362
TRAIN_0633,0,-3.90820315,0.019743797,-5.5831475,0.00374662
TRAIN_0634,1,3.6464844,0.9742,5.2092633,0.99456394
TRAIN_0635,1,3.85839845,0.9783264,5.5119977,0.99597824
TRAIN_0636,0,-3.6328125,0.0279409885,-5.189732,0.0055426075
TRAIN_0637,0,-3.8955078,0.019968005,-5.565011,0.0038149292
TRAIN_0638,1,3.85742185,0.97931422,5.510603,0.9959726
TRAIN_0639,0,-3.75,0.0241658845,-5.357143,0.0046922355
TRAIN_0640,1,3.6044922,0.9731781,5.149275,0.9942299
TRAIN_0641,0,-3.6015625,0.0266276074999999,-5.145089,0.0057941866
TRAIN_0642,0,-3.7089844,0.024849682,-5.298549,0.004973977
TRAIN_0643,0,-3.515625,0.0288713605,-5.0223217,0.006546078
TRAIN_0644,1,3.7919922,0.97765875,5.417132,0.9955798
TRAIN_0645,0,-3.93945315,0.0192071025,-5.6277905,0.0035836247
TRAIN_0646,0,-3.6982422,0.024181554,-5.283203,0.005050508
TRAIN_0647,1,3.8378906,0.97824533,5.482701,0.9958591
TRAIN_0648,1,3.63378905,0.97404465,5.1911273,0.99446505
TRAIN_0649,1,3.78027345,0.97705422,5.4003906,0.99550545
TRAIN_0650,1,3.10058595,0.95380175,4.4294086,0.9882189
TRAIN_0651,0,-3.9228516,0.0196105555,-5.6040735,0.0036693176
TRAIN_0652,1,3.93359375,0.980752635,5.6194196,0.9963864
TRAIN_0653,1,3.74316405,0.97674198,5.3473773,0.9952619
TRAIN_0654,1,3.9375,0.980859275,5.625,0.9964064
TRAIN_0655,1,4.0546875,0.98288353,5.792411,0.99695873
TRAIN_0656,1,3.9355469,0.98083648,5.62221,0.99639636
TRAIN_0657,1,3.9580078,0.98118068,5.654297,0.99650973
TRAIN_0658,1,3.5546875,0.97144125,5.078125,0.993807
TRAIN_0659,0,-3.82910155,0.0214017015,-5.470145,0.0041929656
TRAIN_0660,1,3.75195315,0.9770389,5.359933,0.99532074
TRAIN_0661,0,-3.87890625,0.0206638585,-5.5412946,0.0039061294
TRAIN_0662,1,3.3261719,0.96137288,4.751674,0.9914368
TRAIN_0663,1,3.92871095,0.98027,5.6124444,0.9963612
TRAIN_0664,1,4.0566406,0.98290718,5.795201,0.99696714
TRAIN_0665,0,-3.8886719,0.0202983275,-5.5552454,0.003852222
TRAIN_0666,0,-4.0898437,0.0164895985,-5.842634,0.0028927973
TRAIN_0667,1,3.61816405,0.9735926,5.168806,0.9943408
TRAIN_0668,0,-3.9707031,0.018652183,-5.672433,0.0034276976
TRAIN_0669,0,-3.6855469,0.024877967,-5.265067,0.005142465
TRAIN_0670,0,-3.68847655,0.024652913,-5.2692523,0.0051210974
TRAIN_0671,1,3.67578125,0.975036765,5.2511163,0.9947857
TRAIN_0672,1,3.55273435,0.97169185,5.075335,0.99378985
TRAIN_0673,1,3.90234375,0.980101485,5.5747766,0.996222
TRAIN_0674,1,3.4121094000000003,0.96751688,4.874442,0.9924185
TRAIN_0675,0,-3.7734375,0.0228036335,-5.390625,0.0045384313
TRAIN_0676,0,-3.7675781,0.0226073155,-5.3822546,0.0045764055
TRAIN_0677,0,-3.90234375,0.02073354025,-5.5747766,0.0037779952
TRAIN_0678,0,-3.7578125,0.023954994,-5.368304,0.004640399
TRAIN_0679,1,3.7734375,0.977394,5.390625,0.9954615
TRAIN_0680,0,-4.0029297,0.017957285,-5.718471,0.0032739753
TRAIN_0681,1,3.60351565,0.97280925,5.1478796,0.99422187
TRAIN_0682,1,3.87402345,0.97964052,5.5343194,0.99606663
TRAIN_0683,1,3.76367185,0.97713527,5.376674,0.9953981
TRAIN_0684,0,-3.73632815,0.0233012385,-5.3376117,0.0047843386
TRAIN_0685,1,3.76269535,0.977296205,5.375279,0.9953917
TRAIN_0686,0,-3.95898435,0.019220856,-5.655692,0.003485361
TRAIN_0687,0,-3.6484375,0.025403955,-5.212054,0.0054209214
TRAIN_0688,1,4.11328125,0.983835975,5.8761163,0.99720216
TRAIN_0689,0,-4.03125,0.017929454,-5.758929,0.0031445695
TRAIN_0690,0,-3.9863281,0.018308311,-5.6947546,0.0033522865
TRAIN_0691,1,3.6513672,0.9739953,5.216239,0.9946016
TRAIN_0692,1,3.6308594,0.97417393,5.186942,0.9944419
TRAIN_0693,1,3.5146484,0.970857885,5.0209265,0.9934449
TRAIN_0694,1,3.5537109,0.9714565,5.07673,0.99379843
TRAIN_0695,1,3.78320315,0.97713475,5.404576,0.99552417
TRAIN_0696,0,-3.7822266,0.0225035349999999,-5.403181,0.004482057
TRAIN_0697,1,3.75390625,0.976862125,5.3627234,0.99533373
TRAIN_0698,0,-4.06152345,0.0174084565,-5.8021765,0.0030118737
TRAIN_0699,0,-3.90625,0.0197251135,-5.580357,0.0037570503
TRAIN_0700,0,-4.0234375,0.0177805914999999,-5.747768,0.0031797495
TRAIN_0701,1,3.73828125,0.975921625,5.3404016,0.9952289
TRAIN_0702,1,3.27441405,0.96112505,4.6777344,0.9907856
TRAIN_0703,1,3.9873047,0.981455445,5.69615,0.9966524
TRAIN_0704,1,3.7431641,0.9768225,5.3473773,0.9952619
TRAIN_0705,1,3.86621095,0.97899155,5.5231586,0.9960226
TRAIN_0706,0,-4.0439453,0.0175233355,-5.777065,0.0030882282
TRAIN_0707,0,-3.7607422,0.0233268474999999,-5.372489,0.0046211076
TRAIN_0708,0,-4.0634766,0.0172668955,-5.8049664,0.0030035072
TRAIN_0709,1,3.69140625,0.97561703,5.2734375,0.99490017
TRAIN_0710,1,3.765625,0.97736755,5.379464,0.99541086
TRAIN_0711,1,3.6015625,0.973173425,5.145089,0.9942059
TRAIN_0712,1,3.7001953,0.9758004,5.2859936,0.9949635
TRAIN_0713,0,-4.03515625,0.0173757885,-5.764509,0.0031271246
TRAIN_0714,0,-3.6826172,0.026300918,-5.260882,0.00516392
TRAIN_0715,0,-4.0234375,0.017870432,-5.747768,0.0031797495
TRAIN_0716,0,-3.81542965,0.021563943,-5.450614,0.004275311
TRAIN_0717,0,-3.86328125,0.0205671315,-5.5189734,0.0039939475
TRAIN_0718,1,3.8056641,0.9778696,5.436663,0.9956649
TRAIN_0719,1,3.26757815,0.961124425,4.6679688,0.9906961
TRAIN_0720,0,-4.0126953,0.0177781804999999,-5.732422,0.0032287643
TRAIN_0721,1,3.77929685,0.9776225,5.3989954,0.9954992
TRAIN_0722,0,-3.99121095,0.01871947025,-5.70173,0.003329063
TRAIN_0723,1,3.6757813,0.974227175,5.2511163,0.9947857
TRAIN_0724,0,-3.8857422,0.0205299435,-5.55106,0.003868316
TRAIN_0725,0,-4.03515625,0.017909167,-5.764509,0.0031271246
TRAIN_0726,0,-3.99023435,0.0182897149999999,-5.700335,0.0033336938
TRAIN_0727,0,-3.83496095,0.0217336175,-5.4785156,0.0041581606
TRAIN_0728,0,-3.93066405,0.019420151,-5.6152344,0.0036287403
TRAIN_0729,0,-4.02148435,0.0176122005,-5.744978,0.0031886052
TRAIN_0730,0,-4.0341797,0.0183355919999999,-5.763114,0.0031314774
TRAIN_0731,0,-3.97070315,0.01862731,-5.672433,0.0034276976
TRAIN_0732,0,-4.02636715,0.0175685995,-5.751953,0.003166512
TRAIN_0733,1,3.78027345,0.977489115,5.4003906,0.99550545
TRAIN_0734,1,3.6455078,0.974554805,5.2078686,0.9945564
TRAIN_0735,1,3.5839844,0.9726173,5.119978,0.9940593
TRAIN_0736,1,3.484375,0.9702386,4.977679,0.9931571
TRAIN_0737,1,3.67285155,0.975223,5.246931,0.99476385
TRAIN_0738,0,-4.0859375,0.0165642245,-5.837054,0.0029089386
TRAIN_0739,1,3.7578125,0.97711515,5.368304,0.9953596
TRAIN_0740,0,-3.6376953,0.0258150315,-5.1967077,0.0055042915
TRAIN_0741,1,3.56152345,0.97233421,5.0878906,0.99386686
TRAIN_0742,1,3.93164065,0.980744125,5.6166296,0.99637634
TRAIN_0743,1,3.28710935,0.9628095,4.6958704,0.9909498
TRAIN_0744,1,3.6611328,0.97455302,5.23019,0.994676
TRAIN_0745,0,-4.1386719,0.01575687,-5.9123883,0.002698416
TRAIN_0746,1,3.99316405,0.98166435,5.70452,0.99668026
TRAIN_0747,1,3.9833984,0.981658625,5.6905694,0.9966337
TRAIN_0748,1,3.7705078,0.97735045,5.38644,0.9954426
TRAIN_0749,1,3.63964845,0.97439142,5.1994977,0.9945109
TRAIN_0750,1,3.6015625,0.97344332,5.145089,0.9942059
TRAIN_0751,1,3.89648435,0.9800723,5.5664062,0.9961903
TRAIN_0752,1,4.0986328,0.9835775,5.85519,0.9971432
TRAIN_0753,1,3.9111328,0.9795612,5.5873327,0.996269
TRAIN_0754,0,-3.97460935,0.0189958155,-5.6780133,0.003408688
TRAIN_0755,1,3.8085937,0.9781971,5.4408484,0.99568295
TRAIN_0756,0,-3.69433595,0.024412954,-5.2776227,0.0050786273
TRAIN_0757,0,-3.6533203,0.026109576,-5.219029,0.005383444
TRAIN_0758,1,3.75195315,0.97636387,5.359933,0.99532074
TRAIN_0759,0,-3.8359375,0.021127045,-5.479911,0.004152387
TRAIN_0760,1,3.80078125,0.97793855,5.4296875,0.9956346
TRAIN_0761,0,-3.59375,0.0268964675,-5.133929,0.0058588325
TRAIN_0762,1,3.69726565,0.97576995,5.281808,0.9949425
TRAIN_0763,0,-3.91503905,0.02040443025,-5.592913,0.003710345
TRAIN_0764,1,3.8076172,0.976158865,5.439453,0.99567693
TRAIN_0765,1,3.6640625,0.973538995,5.234375,0.99469805
TRAIN_0766,1,3.6220703,0.97375315,5.174386,0.9943721
TRAIN_0767,0,-4.06152345,0.0173206004999999,-5.8021765,0.0030118737
TRAIN_0768,1,3.8291016,0.977968265,5.470145,0.99580705
TRAIN_0769,1,3.7050781,0.97598267,5.2929688,0.99499834
TRAIN_0770,0,-3.9101563,0.0197709115,-5.5859375,0.0037362208
TRAIN_0771,1,3.5058594,0.9706945,5.0083704,0.99336255
TRAIN_0772,1,3.6328125,0.97417037,5.189732,0.99445736
TRAIN_0773,0,-3.87402345,0.0206380775,-5.5343194,0.0039333627
TRAIN_0774,1,3.5664062,0.9723218,5.0948663,0.99390924
TRAIN_0775,0,-3.9550781,0.0200433335,-5.6501117,0.0035047971
TRAIN_0776,1,3.7607422,0.97703765,5.372489,0.99537885
TRAIN_0777,1,3.6259766,0.97375595,5.1799664,0.99440324
TRAIN_0778,0,-3.8994141,0.0199390799999999,-5.5705914,0.00379378
TRAIN_0779,0,-4.125,0.015910554,-5.892857,0.0027514908
TRAIN_0780,1,3.71191405,0.97592935,5.3027344,0.99504673
TRAIN_0781,1,3.9472656,0.981045985,5.638951,0.99645597
TRAIN_0782,1,3.8261719,0.978662165,5.46596,0.9957896
TRAIN_0783,0,-3.61328125,0.0267091085,-5.1618304,0.00569854
TRAIN_0784,0,-4.08789065,0.0169231665,-5.8398438,0.0029008577
TRAIN_0785,0,-3.8925781,0.020101765,-5.560826,0.0038308676
TRAIN_0786,0,-3.9394531,0.0193981165,-5.6277905,0.0035836247
TRAIN_0787,1,3.72363285,0.9751843,5.3194757,0.9951285
TRAIN_0788,1,3.5986328,0.973353265,5.140904,0.9941817
TRAIN_0789,0,-3.9257813,0.0198819635,-5.608259,0.003654047
TRAIN_0790,0,-3.9306641,0.0194014085,-5.6152344,0.0036287403
TRAIN_0791,1,3.8867187,0.9787223,5.5524554,0.9961371
TRAIN_0792,1,3.88085935,0.97975953,5.544085,0.9961047
TRAIN_0793,1,3.8359375,0.97819361,5.479911,0.9958476
TRAIN_0794,1,3.79882815,0.9780247,5.4268975,0.9956226
TRAIN_0795,1,3.6738281,0.9732051,5.248326,0.9947712
TRAIN_0796,1,4.14257815,0.984353865,5.9179688,0.99731654
TRAIN_0797,1,3.48828125,0.970228535,4.983259,0.99319494
TRAIN_0798,1,3.4345703,0.968740285,4.906529,0.99265623
TRAIN_0799,1,3.7714844,0.97746635,5.387835,0.9954489
TRAIN_0800,1,4.06445315,0.98281703,5.8063617,0.99700063
TRAIN_0801,0,-4.0898438,0.016483382,-5.842634,0.0028927973
TRAIN_0802,1,3.8574219,0.978979525,5.510603,0.9959726
TRAIN_0803,1,3.73144535,0.975643825,5.330636,0.99518234
TRAIN_0804,1,3.79589845,0.977891885,5.4227123,0.9956043
TRAIN_0805,0,-3.7470703,0.0230444689999999,-5.3529577,0.0047118217
TRAIN_0806,0,-3.7861328,0.023323463,-5.408761,0.0044572284
TRAIN_0807,1,3.64941405,0.97404385,5.2134485,0.9945866
TRAIN_0808,0,-3.8701172,0.0206557845,-5.528739,0.003955287
TRAIN_0809,1,3.6875,0.975554035,5.267857,0.9948718
TRAIN_0810,0,-4.0195312,0.0176465035,-5.7421875,0.003197487
TRAIN_0811,1,4.06445315,0.98298007,5.8063617,0.99700063
TRAIN_0812,0,-4.0195312,0.018169165,-5.7421875,0.003197487
TRAIN_0813,1,3.59277345,0.97283763,5.1325336,0.99413306
TRAIN_0814,1,3.95507815,0.98105082,5.6501117,0.9964952
TRAIN_0815,1,3.74023435,0.97678058,5.343192,0.99524224
TRAIN_0816,1,3.48046875,0.96961645,4.9720984,0.9931191
TRAIN_0817,1,3.57714845,0.9726783,5.1102123,0.9940013
TRAIN_0818,1,3.07714845,0.95273412,4.3959265,0.9878227
TRAIN_0819,0,-3.89355465,0.0200248305,-5.562221,0.003825547
TRAIN_0820,1,3.7792969,0.97766868,5.3989954,0.9954992
TRAIN_0821,0,-3.9707031,0.0186120685,-5.672433,0.0034276976
TRAIN_0822,1,3.73828125,0.97621988,5.3404016,0.9952289
TRAIN_0823,1,3.8759766,0.979582775,5.5371094,0.9960776
TRAIN_0824,1,3.7333984,0.97624372,5.3334265,0.9951957
TRAIN_0825,0,-3.71777345,0.0242555075,-5.311105,0.004912221
TRAIN_0826,1,3.6318359,0.9712294,5.1883373,0.99444973
TRAIN_0827,1,3.9130859,0.980195405,5.5901227,0.9962793
TRAIN_0828,0,-3.4785156,0.0300305825,-4.969308,0.006900014
TRAIN_0829,0,-4.1738281,0.0158804725,-5.9626117,0.0025665786
TRAIN_0830,1,3.7919922,0.977429575,5.417132,0.9955798
TRAIN_0831,0,-3.89941405,0.020470576,-5.5705914,0.00379378
TRAIN_0832,1,3.6328125,0.97411183,5.189732,0.99445736
TRAIN_0833,1,3.67578125,0.975286325,5.2511163,0.9947857
TRAIN_0834,0,-3.92285155,0.019644358,-5.6040735,0.0036693176
TRAIN_0835,0,-3.7734375,0.0227673035,-5.390625,0.0045384313
TRAIN_0836,1,3.6181641,0.973306035,5.168806,0.9943408
TRAIN_0837,1,3.9794922,0.9806324,5.684989,0.996615
TRAIN_0838,1,3.9375,0.98081522,5.625,0.9964064
TRAIN_0839,1,3.7470703,0.9768067,5.3529577,0.99528813
TRAIN_0840,1,3.95996095,0.981115365,5.6570873,0.99651945
TRAIN_0841,1,3.56542965,0.97246662,5.093471,0.9939008
TRAIN_0842,1,3.7822266,0.97766338,5.403181,0.995518
TRAIN_0843,1,3.5722656,0.9721151,5.1032367,0.99395967
TRAIN_0844,0,-3.875,0.020377013,-5.535714,0.003927902
TRAIN_0845,1,3.86621095,0.9790086,5.5231586,0.9960226
TRAIN_0846,1,3.63183595,0.973995185,5.1883373,0.99444973
TRAIN_0847,1,3.8828125,0.97948845,5.546875,0.99611557
TRAIN_0848,0,-4.0009766,0.018014616,-5.715681,0.0032830925
TRAIN_0849,1,4.0224609,0.982399565,5.7463727,0.99681586
TRAIN_0850,0,-3.75,0.023245802,-5.357143,0.0046922355
TRAIN_0851,0,-3.671875,0.02480031,-5.245536,0.005243359
TRAIN_0852,1,4.0195313,0.98235505,5.7421875,0.99680245
TRAIN_0853,1,3.84667965,0.97898048,5.495257,0.99591064
TRAIN_0854,0,-3.875,0.0203499955,-5.535714,0.003927902
TRAIN_0855,0,-3.9208984,0.01959264,-5.6012836,0.0036795314
TRAIN_0856,0,-4.23828125,0.0143270475,-6.0546875,0.0023413405
TRAIN_0857,1,3.8613281,0.979281775,5.516183,0.9959949
TRAIN_0858,0,-4.10546875,0.0163283075,-5.8649554,0.0028291224
TRAIN_0859,0,-3.7636719,0.0240643444999999,-5.376674,0.0046018967
TRAIN_0860,1,3.7177734,0.976084515,5.311105,0.9950878
TRAIN_0861,0,-3.90234375,0.019820694,-5.5747766,0.0037779952
TRAIN_0862,0,-3.84570315,0.0209754615,-5.4938617,0.0040950957
TRAIN_0863,0,-4.11132815,0.016132396,-5.873326,0.002805607
TRAIN_0864,1,3.4501953,0.9688732,4.9288507,0.99281716
TRAIN_0865,0,-3.7822266,0.02289208,-5.403181,0.004482057
TRAIN_0866,1,3.80566405,0.97821629,5.436663,0.9956649
TRAIN_0867,1,3.81347655,0.97814875,5.4478235,0.99571276
TRAIN_0868,0,-3.9199219,0.019456577,-5.5998883,0.00368465
TRAIN_0869,0,-4.08007815,0.016794893,-5.828683,0.0029333197
TRAIN_0870,0,-4.22851565,0.0143785335,-6.0407367,0.0023741552
TRAIN_0871,1,3.40429685,0.967833,4.8632812,0.9923341
TRAIN_0872,0,-3.99414065,0.01843734,-5.7059155,0.0033152043
TRAIN_0873,1,3.7109375,0.97612083,5.301339,0.9950399
TRAIN_0874,1,3.5107422,0.970931635,5.015346,0.99340844
TRAIN_0875,1,4.00097655,0.981975135,5.715681,0.9967169
TRAIN_0876,1,3.53808595,0.97133793,5.0544086,0.9936593
TRAIN_0877,0,-4.01953125,0.0178592795,-5.7421875,0.003197487
TRAIN_0878,1,3.6269531,0.97329366,5.1813617,0.99441105
TRAIN_0879,0,-3.60253905,0.026615631,-5.1464844,0.005786155
TRAIN_0880,0,-3.8847656,0.020175741,-5.5496655,0.0038736942
TRAIN_0881,0,-3.8222656,0.0214235789999999,-5.4603796,0.004233939
TRAIN_0882,1,3.7958984,0.97793075,5.4227123,0.9956043
TRAIN_0883,0,-3.7412109,0.0236797225,-5.3445873,0.0047512385
TRAIN_0884,0,-4.0068359,0.0183843615,-5.7240515,0.003255815
TRAIN_0885,1,3.7597656,0.976947785,5.3710938,0.9953725
TRAIN_0886,0,-4.09375,0.017269575,-5.848214,0.0028767467
TRAIN_0887,1,3.79589845,0.97802915,5.4227123,0.9956043
TRAIN_0888,0,-4.14648435,0.015621209,-5.923549,0.0026685467
TRAIN_0889,1,3.84765625,0.97900265,5.4966516,0.9959163
TRAIN_0890,0,-3.93066405,0.0196246085,-5.6152344,0.0036287403
TRAIN_0891,1,3.6738281,0.975246235,5.248326,0.9947712
TRAIN_0892,1,3.3349609,0.965554015,4.76423,0.9915427
TRAIN_0893,1,3.8125,0.97764637,5.446429,0.99570686
TRAIN_0894,0,-4.0449219,0.0172620974999999,-5.77846,0.0030839352
TRAIN_0895,1,3.84765625,0.978726,5.4966516,0.9959163
TRAIN_0896,0,-3.7978516,0.0223076425,-5.4255023,0.0043835538
TRAIN_0897,1,3.7001953,0.97583783,5.2859936,0.9949635
TRAIN_0898,0,-3.58984375,0.026912592,-5.1283484,0.0058914255
TRAIN_0899,0,-3.79882815,0.0219348575,-5.4268975,0.004377469
TRAIN_0900,1,4.0449219,0.982269705,5.77846,0.99691606
TRAIN_0901,1,3.9345703,0.98080503,5.620815,0.99639136
TRAIN_0902,1,3.9111328,0.9801946,5.5873327,0.996269
TRAIN_0903,0,-3.94335935,0.019066509,-5.6333704,0.0035637552
TRAIN_0904,0,-3.96972655,0.0185414985,-5.671038,0.0034324655
TRAIN_0905,0,-3.91308595,0.0197527465,-5.5901227,0.0037206744
TRAIN_0906,1,3.60253905,0.97300582,5.1464844,0.9942139
TRAIN_0907,1,3.671875,0.97492787,5.245536,0.9947567
TRAIN_0908,0,-3.9736328,0.0184589,-5.6766186,0.0034134293
TRAIN_0909,1,3.60742185,0.9734215,5.15346,0.9942538
TRAIN_0910,0,-4.0761719,0.0166905425,-5.823103,0.0029496844
TRAIN_0911,1,3.66210935,0.97469515,5.231585,0.9946833
TRAIN_0912,1,3.49316405,0.969111115,4.9902344,0.99324185
TRAIN_0913,0,-3.7617188,0.023380509,-5.373884,0.004614695
TRAIN_0914,1,3.72753905,0.97639353,5.325056,0.9951556
TRAIN_0915,0,-4.0703125,0.016797659,-5.814732,0.002974406
TRAIN_0916,0,-3.8535156,0.021207648,-5.5050225,0.004049829
TRAIN_0917,1,3.83691405,0.978882105,5.481306,0.9958534
TRAIN_0918,1,3.72558595,0.976248385,5.3222656,0.995142
TRAIN_0919,1,4.16601565,0.98467633,5.951451,0.99740463
TRAIN_0920,0,-3.859375,0.0208486645,-5.513393,0.004016208
TRAIN_0921,0,-4.05761715,0.0172165035,-5.796596,0.0030286768
TRAIN_0922,0,-3.9296875,0.0194315825,-5.613839,0.003633788
TRAIN_0923,1,3.3173828,0.963290725,4.7391186,0.99132943
TRAIN_0924,1,3.6611328,0.974899575,5.23019,0.994676
TRAIN_0925,0,-3.93359375,0.0195299025,-5.6194196,0.0036136399
TRAIN_0926,0,-3.8310547,0.0212305819999999,-5.472935,0.004181333
TRAIN_0927,0,-4.0253906,0.0177218705,-5.750558,0.003170919
TRAIN_0928,0,-3.6044922,0.0276872805,-5.149275,0.0057701245
TRAIN_0929,0,-3.8134766,0.0218089809999999,-5.4478235,0.0042872066
TRAIN_0930,1,3.7548828,0.9766249,5.3641186,0.9953402
TRAIN_0931,1,3.9267578,0.98067323,5.609654,0.996351
TRAIN_0932,0,-3.90722655,0.0200236865,-5.5817523,0.0037518314
TRAIN_0933,1,3.7998047,0.978112965,5.4282923,0.9956286
TRAIN_0934,0,-3.9482422,0.019993113,-5.640346,0.0035390698
TRAIN_0935,0,-3.9550781,0.0191033075,-5.6501117,0.0035047971
TRAIN_0936,0,-3.8623047,0.0206306775,-5.517578,0.003999501
TRAIN_0937,1,3.6982422,0.97512205,5.283203,0.99494946
TRAIN_0938,0,-4.00878905,0.0181138625,-5.7268414,0.0032467733
TRAIN_0939,0,-3.8515625,0.0208107845,-5.502232,0.0040610996
TRAIN_0940,0,-3.8769531,0.0208280445,-5.5385046,0.003917
TRAIN_0941,1,3.9970703,0.98177608,5.7101007,0.99669856
TRAIN_0942,1,3.8642578,0.97911615,5.5203686,0.9960116
TRAIN_0943,1,3.76660155,0.97722485,5.3808594,0.99541724
TRAIN_0944,1,3.6484375,0.974383235,5.212054,0.9945791
TRAIN_0945,1,3.6533203,0.9746991,5.219029,0.99461657
TRAIN_0946,1,3.5566406,0.97198345,5.0809155,0.9938241
TRAIN_0947,0,-3.8984375,0.0199992425,-5.5691967,0.0037990552
TRAIN_0948,1,3.5546875,0.97137875,5.078125,0.993807
TRAIN_0949,0,-3.82128905,0.0216048625,-5.4589844,0.0042398255
TRAIN_0950,1,3.75195315,0.976883175,5.359933,0.99532074
TRAIN_0951,1,3.4257813,0.968492735,4.8939734,0.99256414
TRAIN_0952,1,3.91601565,0.98020265,5.594308,0.9962948
TRAIN_0953,1,3.72363285,0.976064525,5.3194757,0.9951285
TRAIN_0954,0,-3.94628905,0.019024479,-5.637556,0.0035489223
TRAIN_0955,1,3.8613281,0.979312,5.516183,0.9959949
TRAIN_0956,1,3.5410156500000003,0.971749625,5.0585938,0.99368566
TRAIN_0957,0,-4.1171875,0.0160712095,-5.8816967,0.0027822845
TRAIN_0958,1,3.97070315,0.981290815,5.672433,0.99657226
TRAIN_0959,1,3.6074219,0.97142585,5.15346,0.9942538
TRAIN_0960,0,-3.67285155,0.025412621,-5.246931,0.0052360864
TRAIN_0961,0,-3.7705078,0.0231553295,-5.38644,0.004557379
TRAIN_0962,1,4.00878905,0.9821665,5.7268414,0.99675316
TRAIN_0963,1,3.2128906,0.96116565,4.5898438,0.9899476
TRAIN_0964,1,3.49414065,0.970474325,4.9916296,0.99325126
TRAIN_0965,0,-4.0527344,0.0174884145,-5.7896204,0.0030498134
TRAIN_0966,0,-3.86425785,0.0205629045,-5.5203686,0.003988401
TRAIN_0967,0,-3.9267578,0.019344183,-5.609654,0.0036489728
TRAIN_0968,0,-3.6191406,0.026194936,-5.170201,0.005651308
TRAIN_0969,0,-3.81445315,0.022103138,-5.4492188,0.0042812545
TRAIN_0970,0,-3.8808594,0.0207845505,-5.544085,0.003895287
TRAIN_0971,1,3.87109375,0.97934335,5.530134,0.9960502
TRAIN_0972,0,-3.9121094,0.0199114885,-5.588728,0.003725848
TRAIN_0973,0,-3.9833984,0.018304961,-5.6905694,0.0033662987
TRAIN_0974,1,3.859375,0.979140235,5.513393,0.99598384
TRAIN_0975,0,-3.93554685,0.0193653925,-5.62221,0.003603606
TRAIN_0976,1,3.8798828,0.97909548,5.54269,0.99609923
TRAIN_0977,0,-3.8798828,0.02035538,-5.54269,0.0039007042
TRAIN_0978,1,4.015625,0.9822814,5.736607,0.9967847
TRAIN_0979,0,-3.8789062,0.021286704,-5.5412946,0.0039061294
TRAIN_0980,1,3.3818359,0.96643872,4.8311944,0.9920861
TRAIN_0981,0,-3.63378905,0.0258611685,-5.1911273,0.0055349227
TRAIN_0982,1,3.6279297,0.97395505,5.182757,0.99441886
TRAIN_0983,1,3.61328125,0.97374455,5.1618304,0.99430144
TRAIN_0984,0,-3.9570312,0.018780552,-5.6529016,0.0034950664
TRAIN_0985,0,-3.54492185,0.0280609365,-5.064174,0.006279446
TRAIN_0986,0,-4.03417965,0.0176860215,-5.763114,0.0031314774
TRAIN_0987,0,-3.94335935,0.0190211424999999,-5.6333704,0.0035637552
TRAIN_0988,0,-4.2109375,0.0146243105,-6.015625,0.002434382
TRAIN_0989,0,-4.05273435,0.0170944325,-5.7896204,0.0030498134
TRAIN_0990,0,-3.9970703,0.018059209,-5.7101007,0.0033014037
TRAIN_0991,0,-3.78320315,0.0243108295,-5.404576,0.004475838
TRAIN_0992,1,3.84472655,0.9788065,5.4924664,0.99589914
TRAIN_0993,0,-3.78125,0.0230906425,-5.401786,0.0044882866
TRAIN_0994,1,3.9638672,0.980891135,5.6626673,0.99653876
TRAIN_0995,0,-3.65234375,0.025419955,-5.217634,0.005390918
TRAIN_0996,0,-3.859375,0.020797524,-5.513393,0.004016208
TRAIN_0997,0,-3.78515625,0.02319477,-5.4073663,0.004463421
TRAIN_0998,1,3.6513672,0.973067385,5.216239,0.9946016
TRAIN_0999,0,-3.6035156,0.026526683,-5.1478796,0.005778134
TRAIN_1000,0,-3.63476565,0.026184217,-5.1925225,0.005527248
